Name ,Guest ID ,Phone Number ,Email 
Ethan Matthews,472891,(234) 567-8901,y7d8s9@example.com
Olivia Thompson,583729,(345) 678-9012,b4h3r2@example.com
Noah Carter,194837,(456) 789-0123,k5t8w1@example.com
Ava Richardson,628374,(567) 890-1234,m2n6x7@example.com
Liam Mitchell,739182,(678) 901-2345,f9p3z4@example.com
Emma Sullivan,384920,(789) 012-3456,j1l4d8@example.com
Mason Brooks,592718,(890) 123-4567,r7e9v2@example.com
Sophia Bennett,834726,(901) 234-5678,q6a5b3@example.com
Lucas Ward,129837,(123) 456-7890,x8z7c1@example.com
Mia Adams,638495,(234) 567-8902,v5n2l4@example.com
Alexander Perry,287436,(345) 678-9013,p3w6y9@example.com
Isabella Hayes,547839,(456) 789-0124,d7k8h2@example.com
James Foster,938472,(567) 890-1235,z1x4m5@example.com
Charlotte Jenkins,276385,(678) 901-2346,c6b7t3@example.com
Benjamin Reed,674839,(789) 012-3457,h8n9f2@example.com
Amelia Spencer,394872,(890) 123-4568,l3p5r7@example.com
William Bailey,582931,(901) 234-5679,n2v8j6@example.com
Harper Morgan,748293,(123) 456-7891,w4m7b1@example.com
Henry Price,193847,(234) 567-8903,s5z3y8@example.com
Grace Henderson,672839,(345) 678-9014,t9x2d4@example.com
Jack Palmer,278332,(234) 765-0987,y3k5@example.com
Lily Edwards,527038,(345) 876-1098,h2d4@example.com
Ryan Foster,332434,(456) 987-2109,p7f9@example.com
Chloe Price,198339,(567) 098-3210,l8m3@example.com
Caleb Turner,323434,(678) 109-4321,v6x1@example.com
Zoe Watson,975786,(789) 210-5432,j9b2@example.com
Nathaniel Hughes,123456,(890) 321-6543,r5t7@example.com
Ella Russell,456789,(901) 432-7654,c4n8@example.com
Samuel Gray,901234,(123) 543-8765,w1z3@example.com
Megan Cooper,234567,(234) 654-9876,q8v6@example.com